Series Name,Series Code,Country Name,Country Code,1990 [YR1990],2000 [YR2000],2008 [YR2008],2009 [YR2009],2010 [YR2010],2011 [YR2011],2012 [YR2012],2013 [YR2013],2014 [YR2014],2015 [YR2015],2016 [YR2016],2017 [YR2017]
Access to electricity (% of population),EG.ELC.ACCS.ZS,Afghanistan,AFG,0.01,0.959755898,42.4,44.8548851,42.7,43.22201891,69.1,67.259552,89.5,71.5,84.13713837,..
Access to electricity (% of population),EG.ELC.ACCS.ZS,Albania,ALB,100,100,100,100,100,100,100,100,100,100,100,..
Access to electricity (% of population),EG.ELC.ACCS.ZS,Algeria,DZA,98.27137756,98.96515656,99.3,98.82767487,98.88497162,98.95729828,98.76466047,99.13498688,99.23434448,99.33670807,99.43956757,..
Access to electricity (% of population),EG.ELC.ACCS.ZS,American Samoa,ASM,..,..,..,..,..,..,..,..,..,..,..,..
Access to electricity (% of population),EG.ELC.ACCS.ZS,Andorra,AND,100,100,100,100,100,100,100,100,100,100,100,..
Access to electricity (% of population),EG.ELC.ACCS.ZS,Angola,AGO,11.39780807,22.84335518,31.268013,32.38246918,33.5149498,34.6,35.82196426,36.99048996,32,42,40.52060699,..
Access to electricity (% of population),EG.ELC.ACCS.ZS,Antigua and Barbuda,ATG,85.12319946,90.07208252,93.29940796,93.7641983,94.24700928,94.55201403,95.25469208,95.77355194,96.29841614,96.82629395,97.35466766,..
Access to electricity (% of population),EG.ELC.ACCS.ZS,Argentina,ARG,90.64082336,95.09920502,97.93412781,98.36336517,98.82,99.21616364,99.58441162,99.83712769,99.95924377,99.99520874,100,..
Access to electricity (% of population),EG.ELC.ACCS.ZS,Armenia,ARM,97.68037415,98.9,99.41564941,99.51981354,99.8,99.76715088,99.87887573,99.95405579,99.98897552,100,100,..
Access to electricity (% of population),EG.ELC.ACCS.ZS,Aruba,ABW,88.44535065,91.660398,93.08616638,93.35454559,93.35629215,93.94237518,94.2558136,94.57826233,94.90672302,95.23818207,95.57014465,..
Access to electricity (% of population),EG.ELC.ACCS.ZS,Australia,AUS,100,100,100,100,100,100,100,100,100,100,100,..
Access to electricity (% of population),EG.ELC.ACCS.ZS,Austria,AUT,100,100,100,100,100,100,100,100,100,100,100,..
Access to electricity (% of population),EG.ELC.ACCS.ZS,Azerbaijan,AZE,95.87023163,98.90822245,99.74180603,99.88473511,99.96567535,99.9,99.99971008,100,100,100,100,..
Access to electricity (% of population),EG.ELC.ACCS.ZS,"Bahamas, The",BHS,90.79119873,95.61405182,98.753685,99.18226624,99.56098938,99.82565308,99.95579529,99.99473572,100,100,100,..
Access to electricity (% of population),EG.ELC.ACCS.ZS,Bahrain,BHR,..,..,100,100,100,100,100,100,100,100,100,..
Access to electricity (% of population),EG.ELC.ACCS.ZS,Bangladesh,BGD,8.544374466,32,51.24977493,53.63285446,55.26,59.6,60.87821579,61.5,62.4,68.2046814,75.92,..
Access to electricity (% of population),EG.ELC.ACCS.ZS,Barbados,BRB,..,100,100,100,100,100,100,100,100,100,100,..
Access to electricity (% of population),EG.ELC.ACCS.ZS,Belarus,BLR,100,100,100,100,100,100,100,100,100,100,100,..
Access to electricity (% of population),EG.ELC.ACCS.ZS,Belgium,BEL,100,100,100,100,100,100,100,100,100,100,100,..
Access to electricity (% of population),EG.ELC.ACCS.ZS,Belize,BLZ,87.96473694,89.84365845,90.61502075,90.77281189,89.91722437,91.68173599,91.3423233,91.55418396,91.77205658,91.8,92.21431732,..
Access to electricity (% of population),EG.ELC.ACCS.ZS,Benin,BEN,7.311272144,20.66779709,30.62123871,31.92679214,34.2,36.9,38.4,37.29920578,34.1,40.03347778,41.40261459,..
Access to electricity (% of population),EG.ELC.ACCS.ZS,Bermuda,BMU,100,100,100,100,100,100,100,100,100,100,100,..
Access to electricity (% of population),EG.ELC.ACCS.ZS,Bhutan,BTN,0.01,34.91934204,70.01350403,74.46164703,73.28291087,83.40899658,91.5,92.40441895,96.91264343,98.42352295,100,..
Access to electricity (% of population),EG.ELC.ACCS.ZS,Bolivia,BOL,56.38216782,69.963045,84.674991,86.765597,84.29481506,88.335943,90.387375,89.505686,90.038729,91.522822,93.03913116,..
Access to electricity (% of population),EG.ELC.ACCS.ZS,Bosnia and Herzegovina,BIH,96.88565063,98.76785278,99.58003998,99.72540283,99.85575867,99.70578055,99.98661804,99.99848938,100,100,100,..
Access to electricity (% of population),EG.ELC.ACCS.ZS,Botswana,BWA,6.043880463,27.30547333,43.1,45.67902756,47.79311371,53.24,52.06333923,54.21347046,56.36960983,58.52875137,60.68839645,..
Access to electricity (% of population),EG.ELC.ACCS.ZS,Brazil,BRA,87.475116,94.46656799,98.526625,98.856938,98.88305664,99.328691,99.519494,99.575151,99.650247,99.710902,100,..
Access to electricity (% of population),EG.ELC.ACCS.ZS,British Virgin Islands,VGB,..,..,..,..,..,..,..,..,..,..,..,..
Access to electricity (% of population),EG.ELC.ACCS.ZS,Brunei Darussalam,BRN,100,100,100,100,100,100,100,100,100,100,100,..
Access to electricity (% of population),EG.ELC.ACCS.ZS,Bulgaria,BGR,100,100,100,100,100,100,100,100,100,100,100,..
Access to electricity (% of population),EG.ELC.ACCS.ZS,Burkina Faso,BFA,2.610557318,9.222010612,13.77939415,14.4104414,13.1,15.72360229,16.39970779,17.08482742,19.2,18.47008133,19.16471291,..
Access to electricity (% of population),EG.ELC.ACCS.ZS,Burundi,BDI,0.348627061,3.377655506,4.8,5.341904163,5.3,5.938580036,6.5,6.583319187,7,7.2520895,7.588477135,..
Access to electricity (% of population),EG.ELC.ACCS.ZS,Cabo Verde,CPV,32.55810165,55.90006638,73.84185791,76.14595795,81.1,80.80522156,83.1543808,85.51255035,87.87672424,90.24390411,92.61158752,..
Access to electricity (% of population),EG.ELC.ACCS.ZS,Cambodia,KHM,0.01,16.6,26.4,34.44437408,31.1,38.7781105,40.96450424,43.15990829,56.1,47.56573868,49.77065659,..
Access to electricity (% of population),EG.ELC.ACCS.ZS,Cameroon,CMR,30.12971687,41,50.56917572,51.71525574,52.8793602,53.7,55.24962616,56.44977951,56.8,58.86510086,60.07476807,..
Access to electricity (% of population),EG.ELC.ACCS.ZS,Canada,CAN,100,100,100,100,100,100,100,100,100,100,100,..
Access to electricity (% of population),EG.ELC.ACCS.ZS,Cayman Islands,CYM,100,100,100,100,100,100,100,100,100,100,100,..
Access to electricity (% of population),EG.ELC.ACCS.ZS,Central African Republic,CAF,0.01,6,9.351327896,9.888433456,9.8,11.01371098,11.59587574,12.18705177,12.78423595,13.38442326,13.98511219,..
Access to electricity (% of population),EG.ELC.ACCS.ZS,Chad,TCD,0.01,2.902383566,5.452673912,5.832834721,6.4,6.64422226,7.069441795,7.503673077,7.943912029,7.7,8.830898285,..
Access to electricity (% of population),EG.ELC.ACCS.ZS,Channel Islands,CHI,100,100,100,100,100,100,100,100,100,100,100,..
Access to electricity (% of population),EG.ELC.ACCS.ZS,Chile,CHL,92.257427,97.938687,98.81767273,99.593662,99.38864136,99.588193,99.85822296,99.6,99.99533844,99.714844,100,..
Access to electricity (% of population),EG.ELC.ACCS.ZS,China,CHN,92.21601105,96.243927,98.74991608,99.11564636,99.7,99.74872589,99.91638184,99.98311615,99.99848938,100,100,..
Access to electricity (% of population),EG.ELC.ACCS.ZS,Colombia,COL,89.9,95.2,96.806763,96.057229,96.788995,96.6936,97.032176,97.779418,97.790938,98.186898,99.00445557,..
Access to electricity (% of population),EG.ELC.ACCS.ZS,Comoros,COM,15.2995491,39.59965897,58.30796814,60.70788193,63.12582016,65.55877686,69.3,70.45773315,72.91772461,75.38071442,77.84421539,..
Access to electricity (% of population),EG.ELC.ACCS.ZS,"Congo, Dem. Rep.",COD,0.01,6.7,11.49338341,12.15801525,12.84067059,13.53834534,15.4,14.9667387,13.5,16.41916466,17.14737892,..
Access to electricity (% of population),EG.ELC.ACCS.ZS,"Congo, Rep.",COG,0.01,20.10331917,37.92077637,37.1,42.51591492,44.83751297,41.6,49.5137558,51.86239243,60.4,56.56616974,..
Access to electricity (% of population),EG.ELC.ACCS.ZS,Costa Rica,CRI,97.47466278,98.686409,99.263937,99.409804,98.995734,99.232348,99.503298,99.563517,99.359291,99.409804,100,..
Access to electricity (% of population),EG.ELC.ACCS.ZS,Cote d'Ivoire,CIV,36.65949249,47.61742401,55.83730316,56.8971138,57.96392822,59.03598785,55.8,61.18886185,61.9,64.0861969,64.3,..
Access to electricity (% of population),EG.ELC.ACCS.ZS,Croatia,HRV,100,100,100,100,100,100,100,100,100,100,100,..
Access to electricity (% of population),EG.ELC.ACCS.ZS,Cuba,CUB,92.52192688,97,99.6403656,99.85733032,99.96389771,99.99571228,100,100,100,100,100,..
Access to electricity (% of population),EG.ELC.ACCS.ZS,Curacao,CUW,100,100,100,100,100,100,100,100,100,100,100,..
Access to electricity (% of population),EG.ELC.ACCS.ZS,Cyprus,CYP,100,100,100,100,100,100,100,100,100,100,100,..
Access to electricity (% of population),EG.ELC.ACCS.ZS,Czech Republic,CZE,100,100,100,100,100,100,100,100,100,100,100,..
Access to electricity (% of population),EG.ELC.ACCS.ZS,Denmark,DNK,100,100,100,100,100,100,100,100,100,100,100,..
Access to electricity (% of population),EG.ELC.ACCS.ZS,Djibouti,DJI,59.60907745,56.84339905,53.89907837,53.59241486,53.30377197,53.03014755,54.6,52.51594543,52.26935959,52.02577591,51.78269196,..
Access to electricity (% of population),EG.ELC.ACCS.ZS,Dominica,DMA,66.03043365,80.82576752,90.9,93.37969208,94.84715271,96.32962799,97.82411957,98.8553009,99.58107758,99.90296936,100,..
Access to electricity (% of population),EG.ELC.ACCS.ZS,Dominican Republic,DOM,79.59869385,88.764932,97.576197,97.85776,98.145414,97.898872,97.86705,98.385853,98.470979,98.560364,100,..
Access to electricity (% of population),EG.ELC.ACCS.ZS,Ecuador,ECU,88.94174957,93.41509247,97.206576,96.470862,97.462142,96.872699,97.194929,98.034674,98.976067,98.825883,99.93681335,..
Access to electricity (% of population),EG.ELC.ACCS.ZS,"Egypt, Arab Rep.",EGY,93.95646667,97.7,99.8,99.3794632,99.64969635,99.8531723,99.7,99.9950943,99.8,100,100,..
Access to electricity (% of population),EG.ELC.ACCS.ZS,El Salvador,SLV,72.46346283,84.519249,91.000227,91.08402,91.580238,92.574686,93.680571,95.043105,95.125416,95.4,98.61889648,..
Access to electricity (% of population),EG.ELC.ACCS.ZS,Equatorial Guinea,GNQ,58.59144211,62.41200638,64.73667908,65.08863831,65.45861816,66.1,66.24063873,66.64666748,67.05870819,67.47374725,67.88928986,..
Access to electricity (% of population),EG.ELC.ACCS.ZS,Eritrea,ERI,17.8409462,29.17753792,37.51503372,38.61859512,39.74018097,40.87678528,42.02540588,43.1830368,44.34667587,45.51332092,46.68046188,..
Access to electricity (% of population),EG.ELC.ACCS.ZS,Estonia,EST,100,100,100,100,100,100,100,100,100,100,100,..
Access to electricity (% of population),EG.ELC.ACCS.ZS,Eswatini,SWZ,0.01,22.23093033,43.59660339,46.32868576,45.55233761,51.84391785,54.62106323,57.40721512,65,62.99454498,65.79020691,..
Access to electricity (% of population),EG.ELC.ACCS.ZS,Ethiopia,ETH,0.01,12.7,21.76344299,23.38941193,25.0334053,23,28.36344719,30.04348755,27.2,33.41859055,42.9,..
Access to electricity (% of population),EG.ELC.ACCS.ZS,Faroe Islands,FRO,100,100,100,100,100,100,100,100,100,100,100,..
Access to electricity (% of population),EG.ELC.ACCS.ZS,Fiji,FJI,60.46178818,75.39250946,86.16,88.06829071,89.54928589,91.04530334,92.5533371,91.75,95.59343719,97.11949158,98.6460495,..
Access to electricity (% of population),EG.ELC.ACCS.ZS,Finland,FIN,100,100,100,100,100,100,100,100,100,100,100,..
Access to electricity (% of population),EG.ELC.ACCS.ZS,France,FRA,100,100,100,100,100,100,100,100,100,100,100,..
Access to electricity (% of population),EG.ELC.ACCS.ZS,French Polynesia,PYF,100,100,100,100,100,100,100,100,100,100,100,..
Access to electricity (% of population),EG.ELC.ACCS.ZS,Gabon,GAB,64.61288452,73.6,82.86296082,83.88741302,84.92988586,85.98738098,89.3,86.4,89.21994019,90.30747223,91.39550018,..
Access to electricity (% of population),EG.ELC.ACCS.ZS,"Gambia, The",GMB,16.23235321,34.3,37.76543808,38.97227478,40.19713593,41.43701935,42.68891525,44.5,45.21674347,46.48666382,47.75708771,..
Access to electricity (% of population),EG.ELC.ACCS.ZS,Georgia,GEO,97.33401489,98.78269196,99.2495575,99.36373138,99.49563599,99.64033508,100,99.89849854,100,99.99349976,100,..
Access to electricity (% of population),EG.ELC.ACCS.ZS,Germany,DEU,100,100,100,100,100,100,100,100,100,100,100,..
Access to electricity (% of population),EG.ELC.ACCS.ZS,Ghana,GHA,23.53626251,44.67551041,60.5,62.93895721,65.04080963,64.06256,69.28656006,70.7,78.3,75.71527863,79.3,..
Access to electricity (% of population),EG.ELC.ACCS.ZS,Gibraltar,GIB,100,100,100,100,100,100,100,100,100,100,100,..
Access to electricity (% of population),EG.ELC.ACCS.ZS,Greece,GRC,100,100,100,100,100,100,100,100,100,100,100,..
Access to electricity (% of population),EG.ELC.ACCS.ZS,Greenland,GRL,100,100,100,100,100,100,100,100,100,100,100,..
Access to electricity (% of population),EG.ELC.ACCS.ZS,Grenada,GRD,81.56082916,85.95281982,90,89.14373016,89.57085419,88.8,90.46715546,90.93032837,91.39950562,91.87168884,92.34436798,..
Access to electricity (% of population),EG.ELC.ACCS.ZS,Guam,GUM,..,100,100,100,100,100,100,100,100,100,100,..
Access to electricity (% of population),EG.ELC.ACCS.ZS,Guatemala,GTM,60.18920135,73.318205,81.76748657,82.97683716,84.20420837,84.026414,86.70101166,87.96443176,85.494371,90.50629425,91.77922821,..
Access to electricity (% of population),EG.ELC.ACCS.ZS,Guinea,GIN,6.429067135,16.51034546,23.84358788,24.82161713,25.81767082,26.82874298,26.2,28.88393211,29.92204094,30.96315193,33.5,..
Access to electricity (% of population),EG.ELC.ACCS.ZS,Guinea-Bissau,GNB,0.01,5.409247398,9.618552208,4.7,6,11.43223,12.06482601,12.70643425,17.2,14.00467014,14.65579033,..
Access to electricity (% of population),EG.ELC.ACCS.ZS,Guyana,GUY,68.21060181,74.62134552,79.01815796,77.6,80.25813293,80.90215302,81.55818939,82.22323608,86.9,83.56835175,84.24290466,..
Access to electricity (% of population),EG.ELC.ACCS.ZS,Haiti,HTI,28.00139809,33.7,35.10958099,35.51503754,35.93851852,36.37701416,37.9,37.28705597,37.75259018,38.22112656,38.69016647,..
Access to electricity (% of population),EG.ELC.ACCS.ZS,Honduras,HND,54.74451828,67.61672211,76.396899,78.269685,80.984668,82.195298,83.607727,87.184881,88.653773,89.98171,87.57662964,..
Access to electricity (% of population),EG.ELC.ACCS.ZS,"Hong Kong SAR, China",HKG,100,100,100,100,100,100,100,100,100,100,100,..
Access to electricity (% of population),EG.ELC.ACCS.ZS,Hungary,HUN,100,100,100,100,100,100,100,100,100,100,100,..
Access to electricity (% of population),EG.ELC.ACCS.ZS,Iceland,ISL,100,100,100,100,100,100,100,100,100,100,100,..
Access to electricity (% of population),EG.ELC.ACCS.ZS,India,IND,43.29156113,59.39574432,71.5473175,75,76.3,67.6,79.9,79.59911346,81.23950958,88,84.52681732,..
Access to electricity (% of population),EG.ELC.ACCS.ZS,Indonesia,IDN,61.70114517,86.3,92.73,93.55,94.15,94.83,96,96.46425831,97.01,97.53736744,97.62,..
Access to electricity (% of population),EG.ELC.ACCS.ZS,"Iran, Islamic Rep.",IRN,95.57950592,97.9,98.7438736,98.9274292,99.12870789,99.3441925,99.56376648,99.76177979,100,99.97505188,100,..
Access to electricity (% of population),EG.ELC.ACCS.ZS,Iraq,IRQ,93.48020935,96.36474609,97.94059753,98.21245575,98.48660278,98,99.3,99.37960052,99.65541077,99.86218262,100,..
Access to electricity (% of population),EG.ELC.ACCS.ZS,Ireland,IRL,100,100,100,100,100,100,100,100,100,100,100,..
Access to electricity (% of population),EG.ELC.ACCS.ZS,Isle of Man,IMN,100,100,100,100,100,100,100,100,100,100,100,..
Access to electricity (% of population),EG.ELC.ACCS.ZS,Israel,ISR,100,100,100,100,100,100,100,100,100,100,100,..
Access to electricity (% of population),EG.ELC.ACCS.ZS,Italy,ITA,100,100,100,100,100,100,100,100,100,100,100,..
Access to electricity (% of population),EG.ELC.ACCS.ZS,Jamaica,JAM,70.334586,84.56950378,92,91.83472443,92.7145462,91.1,93.1,95.43212128,96.35400391,97.27888489,98.20426941,..
Access to electricity (% of population),EG.ELC.ACCS.ZS,Japan,JPN,100,100,100,100,100,100,100,100,100,100,100,..
Access to electricity (% of population),EG.ELC.ACCS.ZS,Jordan,JOR,96.8,98.7668457,99.30954742,99.4,99.57345581,99.72016907,99.5,99.94194031,99.98558807,99.99832153,100,..
Access to electricity (% of population),EG.ELC.ACCS.ZS,Kazakhstan,KAZ,97.72080994,99.04738617,99.41656494,100,99.63712311,99.79746835,99.87473297,99.95161438,99.98814392,100,100,..
Access to electricity (% of population),EG.ELC.ACCS.ZS,Kenya,KEN,3.318389893,15.9132328,25.25732994,23,19.2,28.99655342,30.27099991,31.55445671,36,41.6,56,..
Access to electricity (% of population),EG.ELC.ACCS.ZS,Kiribati,KIR,31.55973244,52.33364105,68.22099304,64.19,63.16773671,74.4139328,76.50628662,78.60765076,80.71501923,90.55818141,84.93627167,..
Access to electricity (% of population),EG.ELC.ACCS.ZS,"Korea, Dem. People’s Rep.",PRK,0.01,11.6491127,25.03270149,26,28.51937103,30.28673744,32.06612015,33.85451126,35.64891434,37.44631958,39.24422455,..
Access to electricity (% of population),EG.ELC.ACCS.ZS,"Korea, Rep.",KOR,..,100,100,100,100,100,100,100,100,100,100,..
Access to electricity (% of population),EG.ELC.ACCS.ZS,Kosovo,XKX,87.69469452,93.71234131,97.7946701,98.37705994,0,99.43043518,99.77365112,99.94250488,99.99313354,100,100,..
Access to electricity (% of population),EG.ELC.ACCS.ZS,Kuwait,KWT,100,100,100,100,100,100,100,100,100,100,100,..
Access to electricity (% of population),EG.ELC.ACCS.ZS,Kyrgyz Republic,KGZ,99.17418671,99.73477936,99.45146942,99.47743225,99,99.58042145,99.8,99.73147583,99.8,99.90655518,99.99610138,..
Access to electricity (% of population),EG.ELC.ACCS.ZS,Lao PDR,LAO,15.30261421,43.15983963,66,67.46946716,70.24311066,70,76.36662775,78.64215851,81.45786285,89.7,87.09577179,..
Access to electricity (% of population),EG.ELC.ACCS.ZS,Latvia,LVA,100,100,100,100,100,100,100,100,100,100,100,..
Access to electricity (% of population),EG.ELC.ACCS.ZS,Lebanon,LBN,97.90869904,99.33989716,99.9,99.87830353,99.94880676,99.68401095,99.99830627,100,100,100,100,..
Access to electricity (% of population),EG.ELC.ACCS.ZS,Lesotho,LSO,0.01,4.258760108,15.42447567,17,18.93547249,20.71500206,22.50654793,24.30710411,27.8,27.92323875,29.73330879,..
Access to electricity (% of population),EG.ELC.ACCS.ZS,Liberia,LBR,0.01,0.01,1.75265646,1.9,5.146131039,4.1,8.599683762,9.8,9.4,13.84009171,19.8,..
Access to electricity (% of population),EG.ELC.ACCS.ZS,Libya,LBY,99.83592987,99.8,98.6447525,98.58912659,98.55153656,98.52895355,98.51839447,98.5168457,98.52130127,98.52876282,98.53672791,..
Access to electricity (% of population),EG.ELC.ACCS.ZS,Liechtenstein,LIE,100,100,100,100,100,100,100,100,100,100,100,..
Access to electricity (% of population),EG.ELC.ACCS.ZS,Lithuania,LTU,100,100,100,100,100,100,100,100,100,100,100,..
Access to electricity (% of population),EG.ELC.ACCS.ZS,Luxembourg,LUX,100,100,100,100,100,100,100,100,100,100,100,..
Access to electricity (% of population),EG.ELC.ACCS.ZS,"Macao SAR, China",MAC,..,100,100,100,100,100,100,100,100,100,100,..
Access to electricity (% of population),EG.ELC.ACCS.ZS,"Macedonia, FYR",MKD,94.33944702,97.39627838,99.2,99.2,99.65153503,99.7261638,99.9574585,99.99384308,99.99980927,100,100,..
Access to electricity (% of population),EG.ELC.ACCS.ZS,Madagascar,MDG,9.571782112,13.62473679,16.13532257,17.4,16.90373993,14.3,17.73223686,12.9,18.59678078,19.03506088,22.9,..
Access to electricity (% of population),EG.ELC.ACCS.ZS,Malawi,MWI,1.120719671,4.8,7.439959526,7.801584721,8.7,7.6,7.4,9,11.9,10.8,11,..
Access to electricity (% of population),EG.ELC.ACCS.ZS,Malaysia,MYS,93.95503998,97.00534058,98.72924805,99.3,99.28923035,99.56734467,99.8,99.92913818,99.98512268,99.99858856,100,..
Access to electricity (% of population),EG.ELC.ACCS.ZS,Maldives,MDV,73.0881424,83.8,94.68008423,99.9,97.11832428,98.25430298,99.1618042,99.71151733,100,99.99401093,100,..
Access to electricity (% of population),EG.ELC.ACCS.ZS,Mali,MLI,0.01,10.28409481,22.26283073,24.03089583,25.39828682,26.99004555,25.6,30.20660782,31.82540131,37.6,35.06949997,..
Access to electricity (% of population),EG.ELC.ACCS.ZS,Malta,MLT,100,100,100,100,100,100,100,100,100,100,100,..
Access to electricity (% of population),EG.ELC.ACCS.ZS,Marshall Islands,MHL,52.44190979,68.33873749,80.32442474,81.88401031,83.46161652,89.91960679,86.65888977,88.27254486,89.89221191,91.51487732,93.13804626,..
Access to electricity (% of population),EG.ELC.ACCS.ZS,Mauritania,MRT,3.886186838,18.65601158,30,31.18697548,32.65188217,34.13181305,35.62375641,37.12471008,38.8,39.5,41.65210724,..
Access to electricity (% of population),EG.ELC.ACCS.ZS,Mauritius,MUS,99.23442078,99,98.62932587,98.60626221,98.60122681,99.4,98.63320923,98.66422272,98.70124054,98.74125671,98.78178406,..
Access to electricity (% of population),EG.ELC.ACCS.ZS,Mexico,MEX,94.26457214,98.007132,98.914037,98.71661377,99.236696,99.24835968,99.111637,99.74873352,99.172928,99,100,..
Access to electricity (% of population),EG.ELC.ACCS.ZS,"Micronesia, Fed. Sts.",FSM,28.03698158,46,60.55938339,62.3767395,64.53152025,66.06251526,67.92493439,69.7963562,71.67379761,73.55422974,75.43517303,..
Access to electricity (% of population),EG.ELC.ACCS.ZS,Moldova,MDA,94.91943359,98.08543396,99.81942749,99.93630219,99.9860611,99.99860382,100,100,100,100,100,..
Access to electricity (% of population),EG.ELC.ACCS.ZS,Monaco,MCO,100,100,100,100,100,100,100,100,100,100,100,..
Access to electricity (% of population),EG.ELC.ACCS.ZS,Mongolia,MNG,68.11283875,67.3,77.27954865,77.79936981,78.50208044,72.05707491,79.45494843,81.2,80.60873413,81.1916275,81.77503204,..
Access to electricity (% of population),EG.ELC.ACCS.ZS,Montenegro,MNE,98.40816498,99.4369812,99.56887817,99.64112091,99.72993469,99.82582092,99.91059875,99.7,99.99226379,99.99916077,100,..
Access to electricity (% of population),EG.ELC.ACCS.ZS,Morocco,MAR,48.11626434,69.85096741,86.50695038,88.65032196,90.81171417,92.98812866,95.17656708,97.37400818,91.6,99.58601379,100,..
Access to electricity (% of population),EG.ELC.ACCS.ZS,Mozambique,MOZ,0.01,6.695058823,13.57122385,15,17.25792313,20.2,19.54319191,20.70084572,21.86450768,24,24.19833946,..
Access to electricity (% of population),EG.ELC.ACCS.ZS,Myanmar,MMR,35.65203094,44.11086655,50.14615631,50.96194458,48.8,52.64458084,53.5054245,54.37528229,52,60.5,57.00938416,..
Access to electricity (% of population),EG.ELC.ACCS.ZS,Namibia,NAM,25.2347908,36.5,43.32218933,44.33760071,45.37103653,46.41949081,47.4799614,47.4,49.62493515,50.70343018,51.78242493,..
Access to electricity (% of population),EG.ELC.ACCS.ZS,Nauru,NRU,100,99.98339844,99.25408936,99.20565796,99.17564392,99,99.16220093,99.16244507,99.17205811,99,99.20280457,..
Access to electricity (% of population),EG.ELC.ACCS.ZS,Nepal,NPL,0.01,27.53760529,58.98989487,62.98280716,66.9937439,76.3,75.05766296,79.10464478,84.9,87.21362305,90.7,..
Access to electricity (% of population),EG.ELC.ACCS.ZS,Netherlands,NLD,100,100,100,100,100,100,100,100,100,100,100,..
Access to electricity (% of population),EG.ELC.ACCS.ZS,New Caledonia,NCL,..,100,100,100,100,100,100,100,100,100,100,..
Access to electricity (% of population),EG.ELC.ACCS.ZS,New Zealand,NZL,100,100,100,100,100,100,100,100,100,100,100,..
Access to electricity (% of population),EG.ELC.ACCS.ZS,Nicaragua,NIC,66.82804108,72.82972717,76.89929199,77.916313,78.05745697,78.66056824,79.2756958,79.89984131,81.853073,81.16313934,81.79679871,..
Access to electricity (% of population),EG.ELC.ACCS.ZS,Niger,NER,2.290002346,6.481481481,11.64019966,12.17021084,12.71824646,14.3,14.4,14.44045448,15.03054428,16.6,16.21723366,..
Access to electricity (% of population),EG.ELC.ACCS.ZS,Nigeria,NGA,27.3,42.73761368,50.3,51.1919899,48,55.9,54.26990509,55.6,56.37191391,52.5,59.3,..
Access to electricity (% of population),EG.ELC.ACCS.ZS,Northern Mariana Islands,MNP,..,100,100,100,100,100,100,100,100,100,100,..
Access to electricity (% of population),EG.ELC.ACCS.ZS,Norway,NOR,100,100,100,100,100,100,100,100,100,100,100,..
Access to electricity (% of population),EG.ELC.ACCS.ZS,Oman,OMN,..,..,100,100,100,100,100,100,100,100,100,..
Access to electricity (% of population),EG.ELC.ACCS.ZS,Pakistan,PAK,59.93660355,75.26216125,86.79083252,90.73,89.81377411,91.37,92.89678955,93.6,96.01585388,93.5,99.14743805,..
Access to electricity (% of population),EG.ELC.ACCS.ZS,Palau,PLW,97.47045135,98.41449738,98.43795776,98.50226593,98.58459473,98.6819458,97.63042631,98.90968323,99.8103,99.16146088,99.28935242,..
Access to electricity (% of population),EG.ELC.ACCS.ZS,Panama,PAN,70.19,81.40141009,86.68584442,87.48522186,86.85,89.13504028,89.97947693,89.1,91.69238281,92.55484009,93.4178009,..
Access to electricity (% of population),EG.ELC.ACCS.ZS,Papua New Guinea,PNG,5.114663601,12.21201515,17.15811729,17.8377552,19.5,19.24809456,19.97279167,20.7064991,21.44621468,22.18893433,22.9321537,..
Access to electricity (% of population),EG.ELC.ACCS.ZS,Paraguay,PRY,80.42372894,89.01773834,96.677896,96.891335,97.43086,98.23656,97.835616,99.015884,99.000716,99.331532,98.4,..
Access to electricity (% of population),EG.ELC.ACCS.ZS,Peru,PER,60.22378922,72.496495,84.678343,86.42432,88.123061,89.707491,91.099508,92.135365,92.919989,93.852179,94.85174561,..
Access to electricity (% of population),EG.ELC.ACCS.ZS,Philippines,PHL,62.11444855,73.46167755,83.3,82.91230011,84.03495026,85.17262268,86.32230377,87.5,88.64569855,89.08,90.98161316,..
Access to electricity (% of population),EG.ELC.ACCS.ZS,Poland,POL,100,100,100,100,100,100,100,100,100,100,100,..
Access to electricity (% of population),EG.ELC.ACCS.ZS,Portugal,PRT,100,100,100,100,100,100,100,100,100,100,100,..
Access to electricity (% of population),EG.ELC.ACCS.ZS,Puerto Rico,PRI,..,..,100,100,100,100,100,100,100,100,100,..
Access to electricity (% of population),EG.ELC.ACCS.ZS,Qatar,QAT,100,100,100,100,100,100,100,100,100,100,100,..
Access to electricity (% of population),EG.ELC.ACCS.ZS,Romania,ROU,100,100,100,100,100,100,100,100,100,100,100,..
Access to electricity (% of population),EG.ELC.ACCS.ZS,Russian Federation,RUS,100,100,100,100,100,100,100,100,100,100,100,..
Access to electricity (% of population),EG.ELC.ACCS.ZS,Rwanda,RWA,0.01,6.2,6,13.09734249,9.7,10.8,16.06977654,15.2,19.8,22.8,29.37,..
Access to electricity (% of population),EG.ELC.ACCS.ZS,Samoa,WSM,77.84141541,87.61068726,94.69432831,97.9,96.60601044,96.6685747,98.50470734,99.25564575,97.9,99.9382782,100,..
Access to electricity (% of population),EG.ELC.ACCS.ZS,San Marino,SMR,100,100,100,100,100,100,100,100,100,100,100,..
Access to electricity (% of population),EG.ELC.ACCS.ZS,Sao Tome and Principe,STP,42.75796509,52.9,58.16951752,56.9,59.92104721,60.82084274,57.9,62.65348053,68.6,64.51014709,65.44048309,..
Access to electricity (% of population),EG.ELC.ACCS.ZS,Saudi Arabia,SAU,..,..,100,100,100,100,100,100,100,100,100,..
Access to electricity (% of population),EG.ELC.ACCS.ZS,Senegal,SEN,25.13053513,62.2570631,51.21966171,53.5,54.15758896,56.5,57.15559769,57,61,60.5,64.5,..
Access to electricity (% of population),EG.ELC.ACCS.ZS,Serbia,SRB,99.27126312,99.84008026,99.62101746,99.64244843,99.718398,99.74458313,99.81497192,99.88726807,99.66079793,99.98274231,100,..
Access to electricity (% of population),EG.ELC.ACCS.ZS,Seychelles,SYC,89.54558563,93.91511536,96.67896271,97.08582306,97,97.95059967,98.40927124,98,99.29888916,99.67832184,100,..
Access to electricity (% of population),EG.ELC.ACCS.ZS,Sierra Leone,SLE,7.0815382,11.10391712,12.1,13.96218109,11.46217307,14.2,15.17472649,13.5,16.03315544,16.46837616,20.3,..
Access to electricity (% of population),EG.ELC.ACCS.ZS,Singapore,SGP,100,100,100,100,100,100,100,100,100,100,100,..
Access to electricity (% of population),EG.ELC.ACCS.ZS,Sint Maarten (Dutch part),SXM,100,100,100,100,100,100,100,100,100,100,100,..
Access to electricity (% of population),EG.ELC.ACCS.ZS,Slovak Republic,SVK,100,100,100,100,100,100,100,100,100,100,100,..
Access to electricity (% of population),EG.ELC.ACCS.ZS,Slovenia,SVN,100,100,100,100,100,100,100,100,100,100,100,..
Access to electricity (% of population),EG.ELC.ACCS.ZS,Solomon Islands,SLB,0.01,6.568208694,26.82971001,21.2,32.03585815,34.66296387,37.30208206,44.7,42.60435486,55.1,47.91914368,..
Access to electricity (% of population),EG.ELC.ACCS.ZS,Somalia,SOM,0.01,5.495079517,17.2787323,18.81306267,20.36541748,21.93279076,23.51218033,25.10058212,26.69499207,28.29240417,29.89031792,..
Access to electricity (% of population),EG.ELC.ACCS.ZS,South Africa,ZAF,59.33794022,71.33917999,81.9,82.7,82.9,84.7,85.3,85.4,86,85.5,84.2,..
Access to electricity (% of population),EG.ELC.ACCS.ZS,South Sudan,SSD,0.01,0.01,1.021752357,3,1.5,3.918669462,4.912345409,5.915032864,6.923728466,7.935427666,8.947628021,..
Access to electricity (% of population),EG.ELC.ACCS.ZS,Spain,ESP,100,100,100,100,100,100,100,100,100,100,100,..
Access to electricity (% of population),EG.ELC.ACCS.ZS,Sri Lanka,LKA,52.93764114,69.58618927,82.17324829,83.80799866,85.3,87.76,88.80839539,90.2,92.19206238,93.88990021,95.58823395,..
Access to electricity (% of population),EG.ELC.ACCS.ZS,St. Kitts and Nevis,KNA,87.54239655,93.03444672,96.69631195,97.21542358,97.75255585,98.31338501,98.86421204,99.36647797,99.73669434,99.93001556,100,..
Access to electricity (% of population),EG.ELC.ACCS.ZS,St. Lucia,LCA,83.72320557,89.3667984,93.14989471,93.6841507,94.2,94.80374146,95.34342258,95.9713974,96.56573486,97.16307831,97.76091766,..
Access to electricity (% of population),EG.ELC.ACCS.ZS,St. Martin (French part),MAF,41.97810364,53.75802612,62.45018768,63.59807968,64.35,65.94493866,67.13788605,68.33985138,69.54782867,70.75880432,71.97028351,..
Access to electricity (% of population),EG.ELC.ACCS.ZS,St. Vincent and the Grenadines,VCT,66.05391693,80.02507782,90.47022247,91.83724213,93.22228241,94.62234497,96.03442383,97.455513,98.59864807,99.45506287,100,..
Access to electricity (% of population),EG.ELC.ACCS.ZS,Sudan,SDN,32.8,23,34.54586411,29,35.47529984,35.96404648,36.46480942,36.97458649,44.9,38.00915527,38.52844238,..
Access to electricity (% of population),EG.ELC.ACCS.ZS,Suriname,SUR,100,97.44142914,91.89490509,91.26296234,91.19751586,90.05014801,89.46326447,88.88539124,88.31352997,87.74467468,87.17631531,..
Access to electricity (% of population),EG.ELC.ACCS.ZS,Sweden,SWE,100,100,100,100,100,100,100,100,100,100,100,..
Access to electricity (% of population),EG.ELC.ACCS.ZS,Switzerland,CHE,100,100,100,100,100,100,100,100,100,100,100,..
Access to electricity (% of population),EG.ELC.ACCS.ZS,Syrian Arab Republic,SYR,80.54584503,88.61544037,94.33934021,95.11620331,92.7,96.72099304,97.54291534,98.35968018,99.09065247,99.63652039,100,..
Access to electricity (% of population),EG.ELC.ACCS.ZS,Tajikistan,TJK,96.6034317,98.46774194,99.14608002,99,99.46128082,99.63639069,99.1,99.91744995,99.97840881,99.9973526,100,..
Access to electricity (% of population),EG.ELC.ACCS.ZS,Tanzania,TZA,2.483708858,9.620610237,11.5,11.2,14.8,14.2,15.3,16.4,18.91017914,18.5,32.8,..
Access to electricity (% of population),EG.ELC.ACCS.ZS,Thailand,THA,75.89871216,82.1,95.50141144,98.96,99.7,98.71641541,99.10862355,99.85569763,99.98166656,99.6,100,..
Access to electricity (% of population),EG.ELC.ACCS.ZS,Timor-Leste,TLS,0.01,19.63400269,41.10010147,43.84473801,38,49.38507843,52.17477417,54.97348404,57.77819824,67.28153394,63.39413834,..
Access to electricity (% of population),EG.ELC.ACCS.ZS,Togo,TGO,0.01,16.95623488,31.90147972,33.7377243,30.79174368,39.7,39.3425827,41.23289871,45.7,45.02854538,46.92837524,..
Access to electricity (% of population),EG.ELC.ACCS.ZS,Tonga,TON,77.79976654,85.41768646,90.78023529,91.51193237,92.26165009,92.17545611,92.8,94.58890533,95.38067627,96.17545319,97.02,..
Access to electricity (% of population),EG.ELC.ACCS.ZS,Trinidad and Tobago,TTO,82.70045471,91.29,97.82766724,99,99.29836273,99.73614502,99.93693542,99.99293518,100,100,100,..
Access to electricity (% of population),EG.ELC.ACCS.ZS,Tunisia,TUN,87.99334717,94.8,99.4,99.5,99.5,99.5,99.5,99.7,99.8,100,100,..
Access to electricity (% of population),EG.ELC.ACCS.ZS,Turkey,TUR,88.78113556,94.75376892,98.80690002,99.31074524,100,99.91078186,99.98565674,99.99925232,100,100,100,..
Access to electricity (% of population),EG.ELC.ACCS.ZS,Turkmenistan,TKM,98.61314392,99.6,99.68326569,99.74977112,100,99.90586853,99.96212006,99.99034119,99.99884796,100,100,..
Access to electricity (% of population),EG.ELC.ACCS.ZS,Turks and Caicos Islands,TCA,88.7,95.6,93.72619629,93.9308548,94.15354156,94.39125061,93.1,94.89970398,95.1644516,95.43219757,95.70043945,..
Access to electricity (% of population),EG.ELC.ACCS.ZS,Tuvalu,TUV,90.70191956,94.30186462,96.45004272,96.77993774,97.12786102,97.49079895,97.6717774,98.24972534,98.63970184,99.0326767,99.42615509,..
Access to electricity (% of population),EG.ELC.ACCS.ZS,Uganda,UGA,1.266457081,8.40489006,13.38385677,10,14.76937103,14.6,16.21496391,13.9,20.4,18.5,26.7,..
Access to electricity (% of population),EG.ELC.ACCS.ZS,Ukraine,UKR,98.00318909,99.37786865,99.78270721,99.8724823,99.94507599,99.98504639,99.86749117,100,100,100,100,..
Access to electricity (% of population),EG.ELC.ACCS.ZS,United Arab Emirates,ARE,100,100,100,100,100,100,100,100,100,100,100,..
Access to electricity (% of population),EG.ELC.ACCS.ZS,United Kingdom,GBR,100,100,100,100,100,100,100,100,100,100,100,..
Access to electricity (% of population),EG.ELC.ACCS.ZS,United States,USA,100,100,100,100,100,100,100,100,100,100,100,..
Access to electricity (% of population),EG.ELC.ACCS.ZS,Uruguay,URY,96.29027557,98.00775146,98.784355,98.83069611,98.98948669,99.17,99.34907532,99.611808,99.657085,99.70948,100,..
Access to electricity (% of population),EG.ELC.ACCS.ZS,Uzbekistan,UZB,98.41362,99.63301849,99.9029541,99.95549774,99.98669434,99.99790955,99.99990845,100,100,100,100,..
Access to electricity (% of population),EG.ELC.ACCS.ZS,Vanuatu,VUT,7.006693363,22.33950424,33.87397385,33.29111519,36.89836502,38.43458939,39.98283005,31.7,43.10334778,44.66961288,57.82,..
Access to electricity (% of population),EG.ELC.ACCS.ZS,"Venezuela, RB",VEN,97.3895874,98.48568726,98.63079834,98.71030426,98.80784607,98.84,99.04496765,99.17855072,99.31814575,99.46073914,99.60383606,..
Access to electricity (% of population),EG.ELC.ACCS.ZS,Vietnam,VNM,74.1146698,86.23987579,95.20825958,96.1,97.59113312,99,100,100,99.2,100,100,..
Access to electricity (% of population),EG.ELC.ACCS.ZS,Virgin Islands (U.S.),VIR,100,100,100,100,100,100,100,100,100,100,100,..
Access to electricity (% of population),EG.ELC.ACCS.ZS,West Bank and Gaza,PSE,97.35402679,99.7,99.4487915,99.57572174,99.9,99.7,100,100,99.9,100,100,..
Access to electricity (% of population),EG.ELC.ACCS.ZS,"Yemen, Rep.",YEM,36.00909805,49.95866394,60.38653946,61.75139999,63.13428116,64.53218079,65.94210052,75.6,66.1,70.21390533,71.64234924,..
Access to electricity (% of population),EG.ELC.ACCS.ZS,Zambia,ZMB,13.9,16.7,22.71468544,23.23564911,22,24.3286438,24.89466667,25.46970177,27.9,31.1,27.21933746,..
Access to electricity (% of population),EG.ELC.ACCS.ZS,Zimbabwe,ZWE,30.35783195,33.59741974,35.45730972,43.36908187,36.06305695,36.9,36.72887802,37.07681274,32.3,33.7,38.14513779,..
Access to electricity (% of population),EG.ELC.ACCS.ZS,Arab World,ARB,74.38423904,78.76232978,85.43282681,85.18981512,86.13613365,86.78268328,87.28824394,88.38970515,88.07677414,88.51796739,88.76865402,..
Access to electricity (% of population),EG.ELC.ACCS.ZS,Caribbean small states,CSS,76.93451563,87.15004827,92.31475504,92.36868097,93.11451107,92.67709519,93.6253228,94.67222251,95.55792271,95.56868404,96.01630931,..
Access to electricity (% of population),EG.ELC.ACCS.ZS,Central Europe and the Baltics,CEB,100,100,100,100,100,100,100,100,100,100,100,..
Access to electricity (% of population),EG.ELC.ACCS.ZS,Early-demographic dividend,EAR,53.07929931,66.81582573,76.51359301,78.68237985,79.45510366,76.45053687,82.26449485,82.58564055,83.53442435,86.97261487,86.75162746,..
Access to electricity (% of population),EG.ELC.ACCS.ZS,East Asia & Pacific,EAS,84.11540942,90.78689416,94.46920065,94.98856199,95.49618419,95.81828051,96.2262975,96.44602918,96.58978681,96.87265866,96.91424121,..
Access to electricity (% of population),EG.ELC.ACCS.ZS,East Asia & Pacific (excluding high income),EAP,82.59916773,89.72648209,93.85270715,94.43162676,94.99733022,95.35698882,95.81166173,96.05724223,96.2182035,96.53323788,96.58073219,..
Access to electricity (% of population),EG.ELC.ACCS.ZS,East Asia & Pacific (IDA & IBRD countries),TEA,83.65724701,90.72504297,94.7277566,95.30003574,95.83935157,96.17965108,96.6160081,96.84057694,96.97938146,97.27419311,97.29803033,..
Access to electricity (% of population),EG.ELC.ACCS.ZS,Euro area,EMU,100,100,100,100,100,100,100,100,100,100,100,..
Access to electricity (% of population),EG.ELC.ACCS.ZS,Europe & Central Asia,ECS,98.89779005,99.48405379,99.84763433,99.90810988,99.77238901,99.97317401,99.97762464,99.99468561,99.9955406,99.99919949,99.999974,..
Access to electricity (% of population),EG.ELC.ACCS.ZS,Europe & Central Asia (excluding high income),ECA,97.58969947,98.86694641,99.66005627,99.7950425,99.49292494,99.94042345,99.95037972,99.98823025,99.99013551,99.9982316,99.99994264,..
Access to electricity (% of population),EG.ELC.ACCS.ZS,Europe & Central Asia (IDA & IBRD countries),TEC,97.83106131,98.97804046,99.69309865,99.81489405,99.54169057,99.94611052,99.9550917,99.98934102,99.9910606,99.99839631,99.99994795,..
Access to electricity (% of population),EG.ELC.ACCS.ZS,European Union,EUU,100,100,100,100,100,100,100,100,100,100,100,..
Access to electricity (% of population),EG.ELC.ACCS.ZS,Fragile and conflict affected situations,FCS,28.32682074,33.25079015,40.87593488,41.42186245,41.20597397,42.98562676,45.18656107,46.29745276,47.59711119,48.03828268,48.91545467,..
Access to electricity (% of population),EG.ELC.ACCS.ZS,Heavily indebted poor countries (HIPC),HPC,10.51412904,18.31082939,26.01405106,26.56192563,27.88910528,28.26713314,30.96688344,31.50056368,34.05491563,34.46068303,38.53141205,..
Access to electricity (% of population),EG.ELC.ACCS.ZS,High income,HIC,99.45072778,99.72568876,99.86159647,99.89131954,99.9027453,99.92730682,99.94733458,99.95029573,99.96881561,99.96881426,99.97673914,..
Access to electricity (% of population),EG.ELC.ACCS.ZS,IBRD only,IBD,76.11655122,84.08818822,89.55572589,90.76458473,91.45778546,89.19618447,92.85022833,92.91618211,93.34570455,95.43290453,94.55677887,..
Access to electricity (% of population),EG.ELC.ACCS.ZS,IDA & IBRD total,IBT,65.99173954,73.7418512,79.18299356,80.30676749,80.70315573,79.48870463,82.54762892,82.6988908,83.33492472,84.92723523,85.31517679,..
Access to electricity (% of population),EG.ELC.ACCS.ZS,IDA blend,IDB,43.75052856,56.43987162,64.51514049,66.35050927,64.38703506,68.65539252,68.79666166,69.74974646,71.17581581,69.57506444,75.52734171,..
Access to electricity (% of population),EG.ELC.ACCS.ZS,IDA only,IDX,14.39239136,25.4979581,35.17793935,36.19205298,36.97853889,38.70106457,40.78557032,41.54468874,43.33648085,44.85274696,48.75155635,..
Access to electricity (% of population),EG.ELC.ACCS.ZS,IDA total,IDA,24.25452972,35.78098841,44.84271148,46.12889708,46.01688836,48.58861996,50.06675198,50.89642701,52.57310488,53.05962171,57.64314558,..
Access to electricity (% of population),EG.ELC.ACCS.ZS,Late-demographic dividend,LTE,89.70144926,94.1237174,97.39592106,97.85468133,98.3858042,98.55432692,98.81810126,98.97550905,98.92014255,99.11703434,99.22305499,..
Access to electricity (% of population),EG.ELC.ACCS.ZS,Latin America & Caribbean,LCN,85.56233307,91.70512364,95.30889618,95.55986264,95.91093438,96.26092842,96.61147049,97.00028371,97.01316806,97.25275592,97.79759421,..
Access to electricity (% of population),EG.ELC.ACCS.ZS,Latin America & Caribbean (excluding high income),LAC,84.91490668,91.23757619,94.97776298,95.1967166,95.57054389,95.91387917,96.26827552,96.70373685,96.67867669,96.95127813,97.55271698,..
Access to electricity (% of population),EG.ELC.ACCS.ZS,Latin America & the Caribbean (IDA & IBRD countries),TLA,85.38128095,91.57925099,95.18610263,95.44109044,95.80105155,96.1611532,96.52227949,96.9223771,96.93646673,97.18321547,97.74297928,..
Access to electricity (% of population),EG.ELC.ACCS.ZS,Least developed countries: UN classification,LDC,9.086144186,20.47799114,30.45335857,31.45525102,32.51407442,34.15507525,36.38947411,37.08884447,38.67314015,40.67939094,44.7777367,..
Access to electricity (% of population),EG.ELC.ACCS.ZS,Low & middle income,LMY,65.11219872,73.04267347,78.62705268,79.76735809,80.18199423,78.95979755,82.06262123,82.22643995,82.87742381,84.49944648,84.90107563,..
Access to electricity (% of population),EG.ELC.ACCS.ZS,Low income,LIC,8.736738936,17.92875904,26.01106001,27.13759862,27.97380595,28.79061822,31.3355896,32.01828923,33.50500334,34.39258411,38.83371913,..
Access to electricity (% of population),EG.ELC.ACCS.ZS,Lower middle income,LMC,47.76458244,62.39160991,72.49944278,74.62718922,75.18007496,72.56159921,78.57399337,78.85635944,80.09575712,83.51604672,83.41524835,..
Access to electricity (% of population),EG.ELC.ACCS.ZS,Middle East & North Africa,MEA,86.4994852,91.61485856,95.4883928,95.71883615,95.98215022,96.51296153,96.91928088,97.88350817,96.88536567,97.87859214,98.03171268,..
Access to electricity (% of population),EG.ELC.ACCS.ZS,Middle East & North Africa (excluding high income),MNA,85.93966431,91.24248053,94.81250458,95.06002604,95.35005182,95.95442658,96.41861516,97.53550339,96.36822346,97.52338427,97.69980707,..
Access to electricity (% of population),EG.ELC.ACCS.ZS,Middle East & North Africa (IDA & IBRD countries),TMN,85.83971794,91.15359125,94.76038367,95.00870998,95.29778581,95.91089513,96.37650108,97.50618366,96.32571066,97.49321587,97.67144737,..
Access to electricity (% of population),EG.ELC.ACCS.ZS,Middle income,MIC,70.20957451,78.69404047,84.72798002,85.9651126,86.42316932,85.04486604,88.25858329,88.44474177,89.07787576,90.88163783,90.85319265,..
Access to electricity (% of population),EG.ELC.ACCS.ZS,North America,NAC,100,100,100,100,100,100,100,100,100,100,100,..
Access to electricity (% of population),EG.ELC.ACCS.ZS,Not classified,INX,..,..,..,..,..,..,..,..,..,..,..,..
Access to electricity (% of population),EG.ELC.ACCS.ZS,OECD members,OED,98.83355874,99.51066677,99.81461609,99.83451094,99.9195585,99.9174167,99.91177682,99.97008875,99.91924311,99.89781773,100,..
Access to electricity (% of population),EG.ELC.ACCS.ZS,Other small states,OSS,44.81103408,52.39405195,62.81016831,63.85903278,64.48086433,66.8611581,67.98392259,68.56925017,70.40753274,71.05087402,71.72900963,..
Access to electricity (% of population),EG.ELC.ACCS.ZS,Pacific island small states,PSS,44.75577643,55.17859312,65.77756549,65.20204471,68.56648064,70.51034071,72.00408295,72.80688853,75.01788088,79.51597646,79.54808276,..
Access to electricity (% of population),EG.ELC.ACCS.ZS,Post-demographic dividend,PST,99.78543167,99.93188561,99.98467113,99.99149639,99.99627021,99.9978304,99.99395086,99.99961485,99.99966505,99.99971111,99.99975781,..
Access to electricity (% of population),EG.ELC.ACCS.ZS,Pre-demographic dividend,PRE,16.01746556,24.62507955,31.76998708,31.95109029,31.99278939,34.82136169,36.06341263,36.70480242,39.1564363,38.65741821,43.01698281,..
Access to electricity (% of population),EG.ELC.ACCS.ZS,Small states,SST,52.38257701,60.47374675,68.98074897,69.63851317,70.37469319,72.10403622,73.15060575,73.77447834,75.39585146,76.09749346,76.63864944,..
Access to electricity (% of population),EG.ELC.ACCS.ZS,South Asia,SAS,40.56578759,57.12171061,70.64156337,74.02505695,75.11751924,69.32652945,79.35293498,79.31832379,81.44868958,86.51398714,85.56914982,..
Access to electricity (% of population),EG.ELC.ACCS.ZS,South Asia (IDA & IBRD),TSA,40.56578759,57.12171061,70.64156337,74.02505695,75.11751924,69.32652945,79.35293498,79.31832379,81.44868958,86.51398714,85.56914982,..
Access to electricity (% of population),EG.ELC.ACCS.ZS,Sub-Saharan Africa,SSF,15.94040034,25.56717328,31.95923478,32.47618528,32.61963393,34.86591176,35.73942163,36.49467494,37.72792678,38.42566074,42.79512217,..
Access to electricity (% of population),EG.ELC.ACCS.ZS,Sub-Saharan Africa (excluding high income),SSA,15.93041011,25.55890397,31.95246151,32.46957969,32.61304798,34.85979559,35.73342208,36.48883909,37.72215264,38.41994378,42.78985454,..
Access to electricity (% of population),EG.ELC.ACCS.ZS,Sub-Saharan Africa (IDA & IBRD countries),TSS,15.94040034,25.56717328,31.95923478,32.47618528,32.61963393,34.86591176,35.73942163,36.49467494,37.72792678,38.42566074,42.79512217,..
Access to electricity (% of population),EG.ELC.ACCS.ZS,Upper middle income,UMC,91.1531048,95.13699151,97.95136463,98.32281123,98.77550193,98.8660051,99.05943829,99.21421087,99.23589094,99.26893386,99.37971447,..
Access to electricity (% of population),EG.ELC.ACCS.ZS,World,WLD,71.39057697,77.72412264,82.27658046,83.20964673,83.53732377,82.50277472,85.06909989,85.18868922,85.71798276,87.05592296,87.37844318,..
,,,,,,,,,,,,,,,
,,,,,,,,,,,,,,,
,,,,,,,,,,,,,,,
Data from database: World Development Indicators,,,,,,,,,,,,,,,
Last Updated: 09/21/2018,,,,,,,,,,,,,,,